109,101,116,36,53.93577981651376,37.0,23.314473682832354,543.5646831074824,0.4322635875878086,355,49,112.98019801980197,51.0,87.50750804540844,7657.563964317224,0.7745384552262075,0.8365139961242676,5.507469177246094e-05,0.028345509811683937,0.005569338798522949,0.09853112172607409,0.00970838194859843,3.476075130794079,0.8159489631652832,1.9073486328125e-06,0.030714569091796876,0.0063915252685546875,0.10051875868445592,0.010104020847463882,3.2726735766350723,3.0613150596618652,3.0714569091796875,5879,11411,1920.416515590316,3715.1750252122547,4.605663472070613,2.9163877850765614,4.35218394247506,2.904348549118163,35.60561323343161,32.883417539780716,6
69,63,83,36,49.68115942028985,37.0,16.610187858201066,275.89834068473016,0.3343357532718418,269,49,108.47619047619048,51.0,73.45960063306953,5396.312925170069,0.6771956160203951,1.630309820175171,1.0967254638671875e-05,0.04055955830742331,0.005241990089416504,0.1975615985411392,0.03903058521813025,4.87090113367879,1.6512229442596436,9.5367431640625e-07,0.044878482818603516,0.0065419673919677734,0.20909934037119346,0.04372253414366821,4.659233718224434,2.758049964904785,2.782465934753418,3428,6834,1242.907142227332,2456.0947591998565,4.180712852234073,1.8893206317469502,3.9253481130323147,1.8741056153579188,25.017675849966718,22.641786630025017,6
23,21,81,36,51.04347826086956,38.0,16.716246356449986,279.4328922495274,0.3274903459951871,232,49,104.76190476190476,54.0,62.96552704751928,3964.6575963718824,0.6010345763626841,1.286574125289917,7.104873657226562e-05,0.07600867748260498,0.006228923797607422,0.27021939025391384,0.07301851886919698,3.555112379316889,1.2953300476074219,9.5367431640625e-07,0.08245154619216918,0.0017590522766113281,0.2838127455394541,0.08054967453064295,3.4421761464360405,1.6721909046173096,1.6490309238433838,1174,2200,702.0729491820053,1334.1168853719716,3.083432557786364,0.8366861704563002,2.8691949968204513,0.7495213651500897,13.754410418386817,12.734752087641546,6
24,24,86,36,51.041666666666664,37.5,20.123533417921966,404.9565972222222,0.3942569812490834,153,49,75.83333333333333,50.0,38.563439795859615,1487.138888888889,0.5085288764289181,0.2232348918914795,6.699562072753906e-05,0.026766611182171364,0.004887104034423828,0.052930912445069145,0.002801681492267576,1.9774977147770292,0.1997971534729004,2.1457672119140625e-06,0.026511731355086617,0.005543947219848633,0.04916145695946007,0.002416848850376845,1.8543284216716316,0.6156320571899414,0.6097698211669922,1225,1820,1989.8249054663017,2984.7328234723723,3.1057917030115236,1.9422248897636718,3.060487390646693,1.9767664700773278,38.984324678523464,39.359114155679634,6
22,20,77,36,48.45454545454545,37.0,15.476455057829774,239.52066115702482,0.3194015115124344,212,49,96.5,51.0,62.47759598448071,3903.45,0.6474362278184529,0.8385541439056396,0.00024509429931640625,0.04804576010931106,0.0077669620513916016,0.1769251326352953,0.03130250255801683,3.6824296718953975,0.8192720413208008,1.9073486328125e-06,0.0517172562448602,0.006902933120727539,0.1812646782786167,0.03285688359145042,3.504916761639521,1.0089609622955322,0.9826278686523438,1066,1930,1056.5324525288825,1964.1209674288598,3.042636548558821,0.8990174003680017,2.8028203032464467,0.8176377608740143,21.804609714479753,20.35358515470321,6
32,32,73,36,48.71875,37.0,16.28886578118624,265.3271484375,0.33434490378316845,237,49,91.46875,50.5,56.68332226887817,3212.9990234375,0.6197015075517942,0.7315878868103027,0.00027298927307128906,0.035788935999716484,0.008327007293701172,0.12785276820009214,0.016346330336426493,3.5724104287734337,0.8086490631103516,1.9073486328125e-06,0.06069164891396799,0.007025957107543945,0.18457015089774606,0.03406614060241675,3.0411128087717487,1.109457015991211,1.8814411163330078,1559,2927,1405.1918889414192,1555.7223527169544,3.412709703509133,1.6177545598356784,3.2918952738972296,1.5995591346576545,28.842938066789873,17.00823890910234,6
11,11,75,36,49.72727272727273,37.0,16.938878942678315,286.9256198347108,0.34063559116903375,139,49,75.0909090909091,50.0,35.63056539100446,1269.5371900826447,0.47449905484388505,0.2541921138763428,5.0067901611328125e-05,0.03267362117767334,0.006032466888427734,0.07428918116194325,0.005518882437712024,2.2736745571594863,0.22916603088378906,2.86102294921875e-06,0.029490089416503905,0.005682468414306641,0.06732966976261297,0.004533284430342519,2.2831287084851097,0.3267362117767334,0.29490089416503906,547,826,1674.1333843148616,2800.940981676832,2.342502395917278,0.9019074628063333,2.2944173668397227,0.8472397149887555,33.666302061176374,37.30066682620478,6
28,32,341,49,102.35714285714286,53.0,73.63724517899227,5422.443877551021,0.7194148168219762,90,36,50.46875,37.0,20.569978693170782,423.1240234375,0.4075785251897616,0.23572301864624023,3.0994415283203125e-06,0.033942081310130934,0.008054971694946289,0.05561623118899829,0.003093165171668106,1.638562782312295,0.22810912132263184,0.0002789497375488281,0.028485321229504,0.007850170135498047,0.05296003709816798,0.0028047655294393286,1.8592044889181032,0.9164361953735352,0.883044958114624,2866,1615,3127.3317383888702,1828.8989537386208,3.113567654943182,2.3717868221059293,3.3899166518946244,2.359421763068573,30.55313631363865,36.23824552299434,6
25,24,74,36,48.36,37.0,15.465781583870891,239.1904,0.31980524366978685,227,49,94.16666666666667,50.0,62.18833402567469,3867.3888888888887,0.6604070869983153,0.6152667999267578,0.0001800060272216797,0.07410525282224019,0.017722606658935547,0.15077858190331983,0.02273418076077613,2.0346544429852984,0.6508471965789795,2.1457672119140625e-06,0.07551547755365787,0.01327204704284668,0.16191822172196546,0.026217510525603567,2.1441726513205683,1.7785260677337646,1.7368559837341309,1209,2260,679.7763732192766,1301.201723784342,3.1701271480360953,2.0190912702188477,2.9811767062795145,1.8640295666722084,14.056583399902328,13.81807140301956,6
28,27,75,36,48.892857142857146,37.0,16.16508425525806,261.3099489795919,0.33062261442456214,246,49,101.11111111111111,50.0,70.30269650449027,4942.469135802468,0.6953013940004532,1.0867550373077393,0.00022101402282714844,0.09949784808688694,0.008682012557983398,0.26212829786059666,0.06871124453929368,2.6345122321810615,1.0620300769805908,6.9141387939453125e-06,0.10145384531754714,0.008592605590820312,0.2620491575987945,0.06866976099823782,2.5829396291347004,2.6864418983459473,2.6377999782562256,1369,2730,509.59598301489365,1034.953378764043,3.2804038423309163,1.5136435215475126,3.073005081744635,1.5072916285265818,10.42270819898979,10.235802647116909,6
11,11,86,36,50.72727272727273,37.0,19.517315897292608,380.92561983471074,0.3847499549645496,169,49,82.0909090909091,50.0,45.01404739422925,2026.2644628099172,0.5483438774490828,1.549415111541748,0.00025391578674316406,0.16330320835113527,0.005246996879577637,0.4622113725659699,0.21363935292931785,2.83038757923311,1.559739112854004,3.0994415283203125e-06,0.16567230224609375,0.005540013313293457,0.46486935643387445,0.21610351855124463,2.8059570014506465,1.6330320835113525,1.6567230224609375,558,903,341.6956749558686,545.0518811881188,2.3294803632138756,0.2772498425607549,2.2596799976891457,0.3105128868372775,6.735936244649739,6.639613170619388,6
6,6,61,37,45.166666666666664,37.5,11.201438399697702,125.47222222222221,0.24800232619256907,154,49,78.83333333333333,50.5,42.29033249127065,1788.472222222222,0.5364524206080843,0.015033960342407227,0.00026798248291015625,0.007315969467163086,0.00829005241394043,0.004915714001653259,2.4164244146049895e-05,0.6719155982972446,0.03468799591064453,0.005478858947753906,0.012344789505004884,0.007498025894165039,0.011197128662567534,0.00012537569028609141,0.9070327734651078,0.03657984733581543,0.061723947525024414,271,473,7408.450820259798,7663.152130835995,1.7623890282514518,1.3317328356930096,1.6607605963973584,1.2891489015162934,164.024741407966,97.20700377381813,6
225,220,90,36,52.44888888888889,37.0,18.221801621162154,332.03405432098765,0.34742016479632953,268,49,112.35,55.0,70.3365303380825,4947.227499999999,0.6260483341173342,0.24969100952148438,1.9073486328125e-06,0.01465220536504473,0.0036379098892211914,0.03683068661803835,0.0013564994767561493,2.5136616434481645,0.24881315231323242,9.5367431640625e-07,0.014856146895177832,0.003422975540161133,0.03665498034658801,0.0013435875842087535,2.4673275382384565,3.2820940017700195,3.2534961700439453,11801,24717,3595.570386965081,7597.058274596385,5.356837721749838,4.0469830027844935,5.199174985057818,4.017657431379698,68.55379519253819,67.61956630704393,6
43,39,77,36,50.81395348837209,38.0,16.199706879279663,262.43050297458086,0.31880430014143046,418,49,134.3846153846154,50.0,126.1420882575688,15911.826429980276,0.9386646521742383,0.8887410163879395,0.00015306472778320312,0.11544237818036761,0.00882101058959961,0.1935489695054106,0.03746120359660636,1.6765850856174234,0.8983449935913086,4.0531158447265625e-06,0.12663749644630834,0.03379201889038086,0.196193240744434,0.03849178771380344,1.5492507847201153,4.8485798835754395,4.812224864959717,2185,5241,450.6474168656447,1089.1012259552572,3.7116968641554386,2.6640667010281196,3.2859976384574767,2.7153548161501218,8.868576167149987,8.104359437560587,6
37,37,418,49,120.56756756756756,51.0,104.85989121668572,10995.596785975165,0.8697188915080413,73,36,47.62162162162162,37.0,15.499522837208703,240.23520818115415,0.3254723864794109,0.3656191825866699,2.86102294921875e-06,0.038441863324907094,0.006003975868225098,0.07978893597516677,0.006366274304049263,2.0755741026598535,0.3967158794403076,3.600120544433594e-05,0.03753672705756293,0.004853487014770508,0.08388202853841417,0.00703619471171933,2.2346654893427513,1.3839070796966553,1.3513221740722656,4461,1762,3223.4823171638277,1303.9081529241391,3.299434784635997,2.2942025230715353,3.5612069950636798,2.145360944886435,26.73589906636665,27.380591179451276,6
16,16,69,36,47.5,37.0,14.190665946318376,201.375,0.2987508620277553,167,49,86.375,50.0,49.203499621470016,2420.984375,0.5696497785408974,2.0005171298980713,7.700920104980469e-05,0.144882599512736,0.00521397590637207,0.4962630904422476,0.24627705493529042,3.425277377071242,2.009131908416748,4.0531158447265625e-06,0.14661593437194825,0.0066149234771728516,0.4981870907933562,0.24819037743314773,3.3979055068428727,2.17323899269104,2.1992390155792236,760,1382,349.70843177211754,628.3991827218545,2.729656168292812,0.42729804697760976,2.62063676468516,0.45474206893769653,7.3622827741498424,7.275243794174871,6
27,24,81,36,53.0,38.0,18.096449416431984,327.48148148148147,0.34144244181947137,277,49,89.5,50.0,64.47609376091783,4157.166666666667,0.720403282244892,1.635835886001587,0.00021004676818847656,0.18609377054067758,0.0065765380859375,0.4007417987067797,0.1605939892307451,2.153440158380707,1.6442279815673828,4.0531158447265625e-06,0.2102673053741455,0.0097808837890625,0.41563176840974997,0.17274976691141605,1.9766828117675403,4.838438034057617,4.836148023605347,1431,2148,295.75660366573567,444.15513948612903,3.238510153108283,1.7807733163358044,2.964583049170174,1.8339718874396609,5.580313276711994,4.962627256828258,6
61,68,280,49,113.1639344262295,51.0,78.5387406395188,6168.333781241602,0.6940262464161447,84,36,46.8235294117647,37.0,15.433863814649103,238.20415224913495,0.3296176945339633,0.20242905616760254,3.0994415283203125e-06,0.028370102246602375,0.008991003036499023,0.04534639506354728,0.0020562955452593057,1.59838673366001,0.2029731273651123,1.7881393432617188e-05,0.025417491571227118,0.008072853088378906,0.044396856918416806,0.001971080904234374,1.7467048939115037,1.7022061347961426,1.7029719352722168,6903,3184,4055.325532490052,1869.6726199959624,3.881230825588087,3.2516540946418577,4.169827672109608,3.218282003139856,35.83584781716546,39.93019414564241,6
28,27,70,36,47.82142857142857,37.0,14.798777872872213,219.00382653061223,0.3094591340107707,218,49,96.14814814814815,50.0,64.46687561939233,4155.9780521262,0.6704952394929093,0.3315849304199219,9.417533874511719e-05,0.03783718744913737,0.004988193511962891,0.08492138030852127,0.007211640833504505,2.2443893437554476,0.3084249496459961,1.9073486328125e-06,0.03966215940622183,0.003949999809265137,0.0817687008930914,0.006686120445743848,2.0616300805917365,1.021604061126709,1.0312161445617676,1339,2596,1310.6839048028457,2517.4159788811426,3.2864251043956876,1.8365793701062507,3.0903338629061494,1.8694805110511505,27.407878517161823,26.182677746452562,6
20,20,66,36,47.6,37.0,13.226488574069839,174.94,0.2778674070182739,165,49,82.0,51.0,42.34383071948026,1793.0,0.5163881795058568,0.0867609977722168,6.4849853515625e-05,0.009691777982209859,0.0041849613189697266,0.019716917088894767,0.00038875681949035055,2.0343962815787737,0.06349706649780273,2.86102294921875e-06,0.009397418875443308,0.003340005874633789,0.015676466560157233,0.00024575160381172794,1.66816726677172,0.1841437816619873,0.17855095863342285,952,1640,5169.87319043704,9185.052897795023,2.9580911677178325,1.8598788716635648,2.8722161375631545,1.9307697610047247,108.61078131170252,112.01284021701248,6
22,22,70,36,48.45454545454545,37.0,15.358525239119192,235.88429752066125,0.31696768786174695,237,49,93.04545454545455,50.0,66.44579285725885,4415.043388429752,0.7141218577722006,2.0882389545440674,2.3126602172851562e-05,0.20475985890343076,0.005887031555175781,0.5459246020040642,0.2980336710732959,2.666170043912436,2.0962460041046143,3.814697265625e-06,0.20566542943318686,0.0063381195068359375,0.5474610790157014,0.2997136330370361,2.661901324517699,4.299957036972046,4.318974018096924,1066,2047,247.9094537071604,473.9551549564479,3.0428533094642427,1.1522497688164233,2.874550808798847,1.165596571569694,5.116330189078357,5.093802349312093,6
44,42,112,36,50.90909090909091,37.0,20.49037266378595,419.8553719008265,0.40248946303865263,281,49,104.4047619047619,50.5,76.08831320180315,5789.431405895692,0.7287820192647052,0.5541160106658936,5.412101745605469e-05,0.03672353611436001,0.007817983627319336,0.09143594351949347,0.008360531767299999,2.489845837142553,0.5600428581237793,4.0531158447265625e-06,0.039099047823650084,0.007613182067871094,0.09456395666852511,0.008942341900806694,2.418574413756583,1.5791120529174805,1.6030609607696533,2240,4385,1418.5187149078492,2735.3919204012655,3.7117273033303073,2.423855522774481,3.4995080003250223,2.387736837332825,27.86376047140418,26.199877002703115,6
89,82,84,36,51.69662921348315,37.0,18.415555524257524,339.13268526701177,0.3562235256811388,285,49,104.97560975609755,55.0,67.29476035301455,4528.58477096966,0.6410513881211889,0.1783440113067627,4.696846008300781e-05,0.015184489163485441,0.005042076110839844,0.027045007080750447,0.0007314324079978417,1.781094298897214,0.18843603134155273,9.5367431640625e-07,0.01608666667231807,0.004545927047729492,0.028820661735817387,0.0008306305428904086,1.7915869286588733,1.3362350463867188,1.3030200004577637,4601,8608,3443.256493265503,6606.191767567593,4.427353760498064,3.4970477336382473,4.211886751978844,3.351235002268032,66.60504844612687,62.93073012785114,6
61,57,103,36,52.65573770491803,37.0,22.165462164827094,491.30771298038144,0.4209505579247985,279,49,116.52631578947368,50.0,86.49005728541061,7480.530009233609,0.7422362639669384,0.9445610046386719,0.0001220703125,0.07200700044631958,0.0079880952835083,0.18817737373275412,0.03541072398495662,2.6133205461465967,0.9524610042572021,2.1457672119140625e-06,0.07754637513841901,0.009276509284973145,0.19076144858267782,0.036389930265361636,2.459966029903677,4.320420026779175,4.342597007751465,3212,6642,743.4462344149697,1529.4995110400846,4.029502910640998,2.532997458017094,3.780173714152698,2.6036580339949182,14.118997602525887,13.125786228437944,6
76,73,80,36,50.81578947368421,37.0,17.21207541716585,296.2555401662049,0.33871510401465676,257,49,96.63013698630137,54.0,57.04420464466902,3254.041283542879,0.590335545656484,0.6861529350280762,1.1920928955078125e-05,0.027043946584065757,0.0053751468658447266,0.08764322579961438,0.007681335028562191,3.2407705557018667,0.6978628635406494,9.5367431640625e-07,0.02803576323721144,0.005085587501525879,0.08992755888057495,0.008086965846219275,3.207601595137438,2.0282959938049316,2.0185749530792236,3862,7054,1904.0613459750402,3494.544499940176,4.274920477021499,2.6229313807895163,4.12477602448855,2.5883244684569555,37.46987630608572,36.164126523338936,6
36,35,84,36,52.083333333333336,37.5,18.131272860876468,328.74305555555554,0.34812043892882816,223,49,98.74285714285715,51.0,62.06510077889085,3852.0767346938774,0.6285528146010358,3.0180540084838867,0.00011086463928222656,0.12326588630676269,0.006025075912475586,0.5102998843685375,0.26040597198654275,4.139830569980991,0.5487918853759766,4.0531158447265625e-06,0.03834640979766846,0.005975008010864258,0.121695719109172,0.014809848049498489,3.1735883424625415,4.314306020736694,1.3037779331207275,1875,3456,434.6006034314256,2650.758163798421,3.524765025922039,1.102187785151724,3.3685750480796903,1.6050102808238749,8.344331585883372,26.84506242272706,6
18,17,71,36,47.55555555555556,37.5,14.769421196144952,218.1358024691358,0.31057194104043123,184,49,86.41176470588235,51.0,52.66995887101155,2774.1245674740485,0.6095230093990446,0.09836602210998535,0.0001728534698486328,0.018619411131914926,0.008640050888061523,0.02712984054500914,0.0007360282479976219,1.4570729628772612,0.07316803932189941,7.152557373046875e-06,0.021784886717796326,0.012631535530090332,0.019985391314810783,0.00039941586600611423,0.9173970731959091,0.3165299892425537,0.3485581874847412,856,1469,2704.3251163922287,4214.504357509342,2.8447928160989386,2.0877968298379517,2.664990248759581,2.382908730715803,56.86664964376182,48.77234450487325,6
22,20,71,36,48.40909090909091,37.0,15.251405571317893,232.60537190082644,0.3150525094544541,172,49,85.55,51.0,47.50102630470209,2256.3475,0.5552428556949397,0.9558160305023193,0.00013899803161621094,0.11158466339111328,0.006147146224975586,0.26180592746391956,0.0685423436552431,2.346253683145224,0.9315659999847412,5.0067901611328125e-06,0.1207446299101177,0.0071718692779541016,0.2673325196825714,0.07146667607983241,2.2140323746205004,2.343277931213379,2.2941479682922363,1065,1711,454.4915418754998,745.8106554799376,3.043503278802554,1.3716414128237557,2.853553505302432,1.3501727563079131,9.388557672545536,8.717833494797635,6
59,58,75,36,50.0,38.0,15.843514419236104,251.01694915254237,0.3168702883847221,176,49,88.34482758620689,51.0,48.68602848659828,2370.3293697978597,0.5510908767023225,0.5575008392333984,3.0040740966796875e-05,0.04312746689237397,0.004190564155578613,0.1092124996720626,0.011927370084620274,2.532318903510054,0.5632059574127197,1.9073486328125e-06,0.044259648574026006,0.004026889801025391,0.10935835970176834,0.011959250836661349,2.4708366023029344,2.5013930797576904,2.5227999687194824,2950,5124,1179.3428325490395,2031.0766067596035,4.028534666414632,2.415167517118964,3.917435909950692,2.445626917861215,23.58685665098079,22.990328491814402,6
41,41,82,36,49.707317073170735,37.0,18.066602934209612,326.40214158239144,0.36345962723385383,223,49,88.58536585365853,50.0,53.063687280408445,2815.7549077929807,0.5990118883526284,0.4616391658782959,5.412101745605469e-05,0.03041142225265503,0.0068329572677612305,0.07859810550593409,0.006177662189121946,2.58449292022415,0.4361410140991211,1.9073486328125e-06,0.030166447162628174,0.007503986358642578,0.07254712102352141,0.005263084768801463,2.404894438924737,1.2164568901062012,1.206657886505127,2038,3632,1675.357356742889,3009.9666530332397,3.6516156892312197,2.2618845859844443,3.55133378556318,2.377695194184402,33.704441426132696,33.97814779029814,6
12,11,75,37,48.666666666666664,37.5,16.275407487644937,264.88888888888886,0.3344261812529782,149,49,77.18181818181819,51.0,38.64716426576631,1493.603305785124,0.5007288656341924,2.680838108062744,0.0006639957427978516,0.25032845410433685,0.0052890777587890625,0.7686397771982736,0.5908071070914116,3.0705250026347573,2.6821839809417725,8.821487426757812e-06,0.2778646945953369,0.0065495967864990234,0.8015230915694703,0.6424392663190815,2.8845805428313,2.753612995147705,2.778646945953369,584,849,212.08499561452496,305.5443949928311,2.432304082690179,0.16917494137435385,2.2834558002404597,0.206406123637363,4.357910868791609,3.95876130143833,6
67,64,76,36,49.850746268656714,38.0,16.642199312306825,276.9627979505458,0.333840525127113,243,49,98.4375,50.0,68.30192049825538,4665.15234375,0.6938607796648166,2.215311050415039,3.1948089599609375e-05,0.0739603042602539,0.008318543434143066,0.2774328134312456,0.07696896596837632,3.7511042741928975,2.230070114135742,5.0067901611328125e-06,0.07730414375426277,0.008723974227905273,0.28415280059301634,0.0807428140848545,3.675777090246179,4.881380081176758,4.870161056518555,3340,6300,684.2327260848788,1293.5917163494319,4.151259629927778,2.348491255391954,3.943248328650687,2.379802900241335,13.725626541223617,13.141249181962483,6
51,54,236,49,100.3529411764706,51.0,63.488094770783526,4030.738177623991,0.6326480721590386,91,36,51.75925925925926,37.0,20.217278258757876,408.73834019204395,0.3906021559831575,0.15636777877807617,1.9073486328125e-06,0.02229635715484619,0.00634002685546875,0.041227750890603244,0.0016997274434976365,1.849080125703057,0.1491858959197998,0.0001480579376220703,0.02100741188481169,0.006220102310180664,0.039304506257754064,0.0015448442121658284,1.8709827975606614,1.1148178577423096,1.1133928298950195,5118,2795,4590.884478980985,2510.344889021368,3.741712803256238,2.8180281751480036,3.9175157077119316,2.8947962065533672,45.747383436504535,48.50040214925005,6
6,6,62,36,45.333333333333336,37.5,11.799246680285238,139.22222222222223,0.26027750030040964,171,49,85.33333333333333,50.5,51.01851515762576,2602.888888888889,0.5978732245034268,0.2565798759460449,0.0007240772247314453,0.059409809112548825,0.008471965789794922,0.09887089513533719,0.009775453904862843,1.664218360776608,0.25034499168395996,0.006688117980957031,0.06447701454162598,0.02314591407775879,0.0934912451227057,0.008740612914593842,1.4499933935735858,0.29704904556274414,0.3223850727081299,272,512,915.6737046056148,1588.1628628120052,1.7594507974162674,0.5378595986595069,1.628022755710361,0.7954425536866523,20.198684660417975,18.611283548578186,6
86,80,88,36,51.72093023255814,37.0,19.16916805147866,367.4570037858302,0.37062690027589135,314,49,116.7875,51.0,89.19426743771149,7955.617343749999,0.7637312849210017,0.44931602478027344,2.8133392333984375e-05,0.02925744617686552,0.004255056381225586,0.06844653387839214,0.004684927999965884,2.3394568843986887,0.4405698776245117,1.9073486328125e-06,0.030940191655219357,0.0057430267333984375,0.06592356925281165,0.004345916983030254,2.1306774692098873,2.4868829250335693,2.444275140762329,4448,9343,1788.5843982542758,3822.401105419774,4.388879409584903,3.0970225184385716,4.1109159973822536,3.1716011716285952,34.58144295185875,32.72953959473209,6
58,53,84,36,51.05172413793103,37.5,18.30999577561968,335.25594530321047,0.35865577675985866,277,49,106.75471698113208,54.0,70.52576289886605,4973.88323246707,0.6606336927606753,0.848006010055542,5.507469177246094e-05,0.055795719749049136,0.008965015411376953,0.13193388888930027,0.017406551037454226,2.364587991385283,0.8556540012359619,5.0067901611328125e-06,0.06051117181777954,0.008977055549621582,0.13844971838058323,0.019168324519662806,2.2880025988837915,3.180356025695801,3.146580934524536,2961,5658,931.0278396747075,1798.1422114142924,3.999092002588587,2.7154704518461052,3.7647406745454055,2.6597617344298303,18.23695194229417,16.843679251494784,6
126,118,102,36,51.32539682539682,37.0,18.873357960774907,356.20364071554553,0.3677196695620285,456,49,135.65254237288136,52.5,116.40689719202777,13550.565713875321,0.8581254369125556,0.4629659652709961,3.910064697265625e-05,0.02834654426574707,0.0067861080169677734,0.06556307534670765,0.004298516848918065,2.3129124570550093,0.4694700241088867,1.9073486328125e-06,0.03036824047056019,0.007208824157714844,0.06503274075977473,0.0042292573707280665,2.1414721351017776,3.543318033218384,3.553084135055542,6467,16007,1825.125472614166,4505.100186643843,4.772617872866604,3.512569604741326,4.44128370064686,3.5730040146855626,35.5598901421656,33.210584245890765,6
18,17,85,36,49.44444444444444,37.5,18.126782585819807,328.5802469135802,0.3666090860053444,296,49,93.29411764705883,51.0,69.60034204267065,4844.207612456747,0.7460314090324092,0.2687520980834961,0.00015497207641601562,0.03426529379451976,0.005125999450683594,0.06649471046021183,0.004421546519187403,1.9405848628925721,0.24311304092407227,0.0012328624725341797,0.03731992840766907,0.015017986297607422,0.059710018669842976,0.003565286329552997,1.5999499789386749,0.5825099945068359,0.5971188545227051,890,1586,1527.8707805751744,2656.0876247455576,2.8285130031095314,1.659146680854621,2.6050374055050116,1.9336850658405218,30.90075735994735,28.47004389702048,6
47,43,78,36,49.255319148936174,37.0,17.129628537546115,293.4241738343143,0.347772156053852,193,49,87.97674418604652,51.0,51.63038963232528,2665.697133585722,0.5868640640206151,1.5405189990997314,0.0002219676971435547,0.07793728165004564,0.007791042327880859,0.23287004738841477,0.054228458970682535,2.9879159557302626,1.5163681507110596,7.867813110351562e-06,0.08523142905462355,0.011419534683227539,0.23615455149637185,0.05576897219245254,2.770744948380766,3.5851149559020996,3.5797200202941895,2315,3783,645.7254588695585,1056.7865583211462,3.793175941732609,2.219781300868093,3.602799367637769,2.3380815815975784,13.109760936012634,12.012112611104754,6
11,10,71,36,48.0,37.0,14.89966442575134,222.0,0.31040967553648624,151,49,77.8,50.5,37.44809741495555,1402.3600000000001,0.4813380130457012,0.1857600212097168,0.00024700164794921875,0.03367609977722168,0.009031891822814941,0.05704437177052294,0.0032540603506936343,1.6939126605482808,0.16112089157104492,7.200241088867188e-05,0.03405555089314779,0.009612083435058594,0.04884207402556163,0.002385548195118442,1.4341883406557663,0.3367609977722168,0.3064999580383301,528,778,1567.877525880049,2538.336399715609,2.3518707800704797,1.2940910172274869,2.1952388152997706,1.4248453118424356,32.66411512250102,32.62643187295127,6
17,15,80,36,48.35294117647059,37.0,16.35251798013558,267.4048442906575,0.3381907611463563,206,49,91.8,50.0,57.31340739012702,3284.8266666666664,0.6243290565373314,0.2765991687774658,0.0002429485321044922,0.026396632194519043,0.00642549991607666,0.06563113778890606,0.004307446247466373,2.4863451255927114,0.2824220657348633,5.9604644775390625e-06,0.029477511133466448,0.005349993705749512,0.07194917585753302,0.005176683906578212,2.4408158318307813,0.4223461151123047,0.4126851558685303,822,1377,1946.2710099308588,3336.684105106686,2.7797787882010185,1.3839120804903076,2.530348903822353,1.1272112320629935,40.25134692071119,36.34732140639091,6
82,71,81,36,50.24390243902439,37.0,17.446476320176572,304.3795359904819,0.34723569375108715,239,49,104.4225352112676,55.0,64.921113988132,4214.751041460029,0.6217155507360902,0.26447176933288574,2.8133392333984375e-05,0.018543631942183884,0.0051610469818115234,0.03989407552932016,0.0015915372623391017,2.1513625622911188,0.23937296867370605,2.86102294921875e-06,0.021000143459865023,0.006688475608825684,0.03967764608028868,0.001574315598472648,1.88939881082811,1.5020341873168945,1.4700100421905518,4120,7414,2742.946888152803,5043.502960668177,4.349116449214389,3.2070190071640723,4.077998445392428,3.1872652062785307,54.592632239934424,48.29898977710286,6
15,12,71,36,47.8,37.0,15.505697877447073,240.42666666666665,0.32438698488383,167,49,91.75,50.5,52.84430748276803,2792.5208333333335,0.575959754580578,0.7981679439544678,0.00017189979553222656,0.08124514988490514,0.008005976676940918,0.2044131779022174,0.04178474730008359,2.516004686948041,0.7768599987030029,0.0056438446044921875,0.10268800908868964,0.011588096618652344,0.21910458121438048,0.048006817509129045,2.133691977854436,1.1374320983886719,1.129568099975586,717,1101,630.3672993014076,974.708828997381,2.6584245443261905,1.0755935567490724,2.3262636602349693,1.1090721685940024,13.187600403795138,10.6235294713611,6
4,3,66,37,51.5,51.5,14.5,210.25,0.2815533980582524,175,50,93.0,54.0,58.00574684172825,3364.6666666666665,0.6237177079755726,0.020387887954711914,6.103515625e-05,0.009919325510660807,0.009309053421020508,0.008309615321627117,6.904970679342013e-05,0.8377197938202903,0.006963968276977539,1.0013580322265625e-05,0.0034869909286499023,0.0034869909286499023,0.0034769773483276367,1.2089371480783484e-05,0.9971283033058699,0.029757976531982422,0.006973981857299805,206,279,6922.513692374253,40005.83966360125,1.3461171810072472,0.6353160456121689,0.9185098670454048,0.010833879472818943,134.41774159950006,430.17031896345424,6
97,87,90,36,51.79381443298969,37.0,19.771862827687865,390.92655967690513,0.3817417783212028,417,49,112.70114942528735,51.0,87.62067080718916,7677.3819527018095,0.7774603121086646,1.5664310455322266,2.5033950805664062e-05,0.0516952375570933,0.004489541053771973,0.18581693501564894,0.0345279333386099,3.5944691193348097,1.5433368682861328,2.86102294921875e-06,0.05733882549197175,0.007207632064819336,0.1916997929056484,0.03674881060006849,3.3432807746033983,4.962742805480957,4.93113899230957,5024,9805,1012.3434151073453,1988.384431120585,4.505836464198051,2.582516160238131,4.200595873489101,2.6440967683301637,19.545643165886247,17.642982713665567,6
48,44,83,36,48.5625,37.0,16.474609567958407,271.4127604166667,0.339245499468899,236,49,91.11363636363636,50.5,57.81601536106933,3342.691632231405,0.6345484349930284,1.1660950183868408,0.00012803077697753906,0.0871592531812952,0.007902145385742188,0.22885841038868468,0.052376172005635616,2.625750015464782,1.1425881385803223,6.9141387939453125e-06,0.0956881656203159,0.013525009155273438,0.23042523540401638,0.05309578911099637,2.4080849905549235,4.096484899520874,4.114591121673584,2331,4009,569.0244336730337,974.3373962196673,3.8174787936859462,2.238488715579561,3.600586019510218,2.3475136686367817,11.717362855557967,10.69365064446629,6
23,22,77,36,47.69565217391305,37.0,14.99691209552007,224.9073724007562,0.31442933290516095,216,49,89.5,50.5,57.35594603399499,3289.7045454545455,0.6408485590390501,2.9689180850982666,0.00021195411682128906,0.17747981981797653,0.004630446434020996,0.6275716725207087,0.39384620415043964,3.536017070359587,2.9439618587493896,6.9141387939453125e-06,0.1861947150457473,0.004736185073852539,0.6358171007916118,0.4042633856590506,3.4147967123309275,3.9045560359954834,3.9100890159606934,1097,1969,280.9538369758126,503.56909828975455,3.0889442481278957,0.7857325533242364,2.9086121884726595,0.8262768656359321,5.890554467131896,5.626470371952565,6
36,35,75,36,50.30555555555556,37.0,17.053542226444797,290.82330246913574,0.33899918285588776,207,49,93.57142857142857,50.0,56.956768424725034,3244.073469387755,0.6086982885085118,1.372330904006958,5.1021575927734375e-05,0.08242917060852051,0.005197048187255859,0.25982516762431246,0.06750911773100207,3.15210217094499,1.3782649040222168,5.9604644775390625e-06,0.08543806216296028,0.00424802303314209,0.26511818581028607,0.07028765244733737,3.1030454003581323,2.8850209712982178,2.9048941135406494,1811,3275,627.7250730642266,1127.4077029982495,3.5279644563034442,1.5015500215529562,3.382433861100816,1.4767018037813324,12.478245516461712,12.048631940439309,6
72,61,1240,35,104.69444444444444,67.0,233.1014108642708,54336.26774691358,2.226492648212722,1447,49,206.75409836065575,78.0,360.6423529558037,130062.9067454985,1.7443057033225517,1.8532509803771973,7.152557373046875e-06,0.0707432552122734,0.003278017044067383,0.23502364830091035,0.05523611526067,3.3222057367263416,1.817277193069458,1.9073486328125e-06,0.08246196905771891,0.008076906204223633,0.24601004652546052,0.06052094299145925,2.9833152098668276,5.022771120071411,4.947718143463135,7538,12612,1500.7651791811745,2549.0538535754754,3.3759101956275868,2.4070219799991546,3.27767898550863,2.5234510172393874,14.334716489923663,12.328915720591818,6
