109,120,106,32,66.5229357798165,83.0,29.6027510283321,876.3228684454172,0.44500067054036674,332,32,99.68333333333334,68.5,71.46922220244336,5107.849722222223,0.7169626036025082,0.6900429725646973,1.3113021850585938e-05,0.041501129115069355,0.001047968864440918,0.1221302988651808,0.014915809900898384,2.9428187008250437,0.7010259628295898,0.0,0.03759689090632591,1.1920928955078125e-06,0.11931389452169507,0.014235805425934176,3.173504288399011,4.48212194442749,4.474030017852783,7251,11962,1617.7605361708167,2673.652155275639,4.584223091762179,2.78635309159243,4.565809440336344,2.665699059465855,24.318838566076266,26.82145616394221,5
83,88,106,32,64.44578313253012,83.0,29.720891606421898,883.3313978806797,0.46117666915928535,332,32,97.38636363636364,68.0,73.01345327748945,5330.964359504133,0.7497297419392148,0.9983880519866943,3.981590270996094e-05,0.05307007126691865,0.001971125602722168,0.16907821347168403,0.028587442270776354,3.185942838126153,1.005303144454956,0.0,0.04992546980408417,2.1457672119140625e-06,0.1663634744173471,0.027676805620211305,3.3322365331800583,4.351745843887329,4.343515872955322,5349,8570,1229.1618563876982,1973.0559875147835,4.3059573465201995,2.392379144371305,4.247414534078859,2.311759819334169,19.07280502527182,20.260084819288323,5
80,89,143,32,67.25,83.0,32.20229029121997,1036.9875,0.4788444652969512,238,32,91.50561797752809,68.0,59.02353817186808,3483.7780583259687,0.6450263871925662,0.9746088981628418,2.8133392333984375e-05,0.0479768740979931,0.0004010200500488281,0.1646872193441276,0.027121880215300802,3.432637545492289,0.9822099208831787,0.0,0.04297971454533664,1.1920928955078125e-06,0.15864098576041571,0.025166962363036425,3.6910665284450683,3.790173053741455,3.782214879989624,5380,8144,1419.4602525309901,2153.2356723270946,4.262280599232328,2.1732542113610096,4.300470566381781,2.0686992645485183,21.107215651018443,23.531185515362406,5
28,32,110,32,70.42857142857143,83.0,29.64724580249352,878.9591836734695,0.4209548085546747,232,32,94.84375,67.5,60.24020116116396,3628.8818359375,0.6351520386020583,1.040571928024292,4.0531158447265625e-06,0.05839148274174443,0.0004229545593261719,0.20441617946172286,0.04178597442572728,3.5007876125670716,1.047316074371338,0.0,0.05063226146082724,1.9073486328125e-06,0.19355019390603417,0.037461677561063424,3.822665397945508,1.5765700340270996,1.5696001052856445,1972,3035,1250.8166192673577,1933.613529828143,3.233945503410539,1.0555420337673322,3.2784296341148345,0.9598749036167875,17.760073701564917,20.387358469357686,5
56,63,105,32,65.53571428571429,83.0,28.825809544891662,830.9272959183673,0.43984886499017245,292,32,99.17460317460318,68.0,68.23292034270058,4655.731418493323,0.6880079996142984,1.0158109664916992,1.5020370483398438e-05,0.07824334664778276,0.0015380382537841797,0.20996367581956518,0.04408474516366346,2.6834700305539023,1.0234909057617188,0.0,0.06924206595267018,1.1920928955078125e-06,0.20116811235035606,0.040468609426605476,2.905287552914189,4.303384065628052,4.293008089065552,3670,6248,852.8172117643389,1455.3897571061848,3.921495577371072,2.1870321087838445,3.9277009131185765,2.116750911325561,13.013014675423156,14.6750247595534,5
113,94,285,32,89.59292035398231,68.0,58.87524490949442,3466.294463152949,0.6571417102699396,121,32,68.2872340425532,83.0,31.159378336336022,970.9068583069267,0.4562987324529656,0.5042369365692139,0.0,0.018280955297606333,1.1920928955078125e-06,0.06501937219382264,0.004227518760478837,3.556672566358506,0.4961221218109131,1.5974044799804688e-05,0.02201546392133159,0.0004971027374267578,0.06881471657648315,0.004735465217501705,3.1257445594778517,2.047466993331909,2.047438144683838,10124,6419,4944.646254602077,3135.1374480674294,4.537750083239247,2.4620279765753463,4.431370509354106,2.6274044723257917,55.19014488048545,45.911032889599376,5
89,103,142,32,69.10112359550561,83.0,31.54986954648869,995.3942684004544,0.45657534790853554,369,32,100.55339805825243,69.0,75.69005887648024,5728.985012725046,0.7527349680677285,0.21190595626831055,1.4066696166992188e-05,0.022351443767547607,0.0008529424667358398,0.04539559447285806,0.0020607599975441815,2.030991597006749,0.21982407569885254,0.0,0.019170557751375085,9.5367431640625e-07,0.04481045159116543,0.0020079765718041807,2.337462069300056,1.9669270515441895,1.9553968906402588,6150,10357,3126.704671213798,5296.622925798348,4.3771173023801655,3.0995778581463638,4.393700483833861,2.917337874072362,45.24824646146797,52.67472833419232,5
71,72,126,32,64.5774647887324,83.0,31.658237462096757,1002.2439992065065,0.49023661064533686,280,32,95.52777777777777,68.0,63.2808932507853,4004.471450617284,0.6624344742739956,0.6502509117126465,1.5974044799804688e-05,0.04928820133209229,0.004856467247009277,0.1259390242450736,0.01586063782780124,2.555155612121573,0.6568448543548584,0.0,0.04844688697600029,3.0994415283203125e-06,0.1271953749297879,0.01617866340352932,2.625460228080252,3.45017409324646,3.4397289752960205,4585,6878,1328.9184476154128,1999.5761437594322,4.138341316534759,2.5220800531731276,4.079851792857395,2.420023168331782,20.57867170789407,20.931881702628544,5
75,82,142,32,68.05333333333333,83.0,31.760727671484826,1008.743822222222,0.4667034826334957,316,32,100.51219512195122,68.0,72.69435578828747,5284.469363474123,0.7232391621741776,0.28592991828918457,1.0013580322265625e-05,0.025963364420710382,0.0007079839706420898,0.05837527559404737,0.003407672800680983,2.248370998770974,0.2923119068145752,0.0,0.02361814769697778,1.9073486328125e-06,0.05800292356055011,0.0033643391415710193,2.455862513213611,1.9212889671325684,1.9130699634552002,5104,8242,2656.5498929697574,4308.2585359889845,4.202662560186151,2.8445116421743473,4.180686999701517,2.6972769538627235,39.03629348995529,42.863042944806686,5
43,52,110,32,67.34883720930233,83.0,29.31535332395608,859.3899405083829,0.4352763097134363,227,32,84.46153846153847,69.0,47.85573735335331,2290.1715976331357,0.5665979832364235,1.4105660915374756,3.790855407714844e-05,0.09748733043670654,0.0006464719772338867,0.3299402626206253,0.10886057689816721,3.384442482347369,1.419990062713623,0.0,0.0800794526642444,9.5367431640625e-07,0.30400908497987056,0.09242152375029816,3.7963431924855184,4.094467878341675,4.084052085876465,2896,4392,707.2958162204283,1075.4025432703186,3.657958731525813,1.3751684291459678,3.801260061722724,1.3028312202148047,10.50197517178122,12.732452698100312,5
87,92,109,32,67.88505747126437,83.0,30.095031585730595,905.7109261461222,0.4433233572567832,278,32,97.6413043478261,68.5,67.76711744640116,4592.382206994328,0.6940415011765453,0.4770219326019287,1.4066696166992188e-05,0.028524617816126623,0.0007998943328857422,0.07163082440827286,0.005130975005408819,2.511193133945367,0.4847681522369385,0.0,0.026848439331893084,1.1920928955078125e-06,0.07103150813639024,0.005045475148130072,2.6456475647734345,2.4531171321868896,2.4432079792022705,5906,8983,2407.5491229132444,3676.7234212017556,4.3593871631993,2.8778906693725563,4.311768192484413,2.7846221000687876,35.4650818986543,37.65541074814222,5
71,76,110,32,65.6056338028169,83.0,30.408245209333764,924.6613767109699,0.4635005173599608,225,32,91.6842105263158,68.0,55.54353686554923,3085.084487534626,0.6058135479020869,1.5201151371002197,3.504753112792969e-05,0.03577758584703718,0.0006189346313476562,0.18369660305844424,0.03374444197521163,5.134404647753967,1.533642053604126,0.0,0.033267094294230144,1.1920928955078125e-06,0.17966477440476755,0.03227943116191602,5.400675298411279,2.5044310092926025,2.4950320720672607,4658,6968,1859.9035001230443,2792.749671641158,4.1483983409779075,1.647942014026618,4.1599407495167195,1.5228342990842663,28.349752792772897,30.460530287704938,5
58,60,110,32,64.79310344827586,83.0,30.383048030274846,923.1296076099882,0.4689241047780578,280,32,94.31666666666666,68.0,62.086362342215615,3854.7163888888895,0.6582756212286511,0.7212009429931641,1.7881393432617188e-05,0.03032633296230383,0.0008699893951416016,0.11355111176565763,0.012893854983216872,3.7443073617507157,0.7298309803009033,0.0,0.029115442502296578,1.9073486328125e-06,0.11350282646699458,0.012882891615996685,3.8983720222710567,1.7286009788513184,1.717811107635498,3758,5659,2174.0124215926617,3294.308655268506,3.9443463211293808,1.8845648402913606,3.9012318632339817,1.7429148803319452,33.553145410424264,34.928170934106795,5
94,97,127,32,65.29787234042553,83.0,31.027726031842988,962.7197827071071,0.4751720832507724,314,32,92.80412371134021,71.0,59.06341850651228,3488.487405675417,0.6364309703545535,0.6367950439453125,1.811981201171875e-05,0.0316676990960234,0.0013799667358398438,0.08845914715542412,0.00782502071546498,2.7933556804110276,0.6446678638458252,0.0,0.03059002012014389,1.1920928955078125e-06,0.08874561173064137,0.007875783601445752,2.9011295638933343,2.945096015930176,2.9366419315338135,6138,9002,2084.1425769479984,3065.4060692030775,4.424708590672879,2.8291580941828447,4.3944603802950555,2.709897684533664,31.91746533612119,33.03092520692052,5
53,60,107,32,65.20754716981132,83.0,29.753299161013327,885.2588109647563,0.45628612717989186,308,32,91.08333333333333,67.5,64.46841388531976,4156.176388888889,0.7077959438461456,0.11472702026367188,2.193450927734375e-05,0.009131404069753794,0.0009688138961791992,0.02040933874429084,0.00041654110797921117,2.2350712539261366,0.12178277969360352,0.0,0.007906356100308693,9.5367431640625e-07,0.0216159103096301,0.00046724757851397284,2.7339914918310013,0.47483301162719727,0.4664750099182129,3456,5465,7278.348209524632,11715.525770519153,3.8591418140453886,2.6121068662130478,3.881086325115711,2.2260165614178327,111.61818724097381,128.62425365620294,5
38,39,101,32,63.10526315789474,83.0,29.47236839168102,868.6204986149584,0.4670350287255541,243,32,102.61538461538461,72.0,66.71432221760658,4450.800788954634,0.6501395718357463,0.7020740509033203,2.09808349609375e-05,0.0897079222911113,0.0019369125366210938,0.16665853576997533,0.027775067544992142,1.8577906110583131,0.7098588943481445,0.0,0.08711528778076172,2.9802322387695312e-06,0.1673679865048979,0.028012042906703682,1.9212240557145808,3.319193124771118,3.3103809356689453,2398,4002,722.464740633421,1208.9243134767196,3.523392113818472,2.3170176888409335,3.466861069732694,2.255571192982412,11.448565531305253,11.78112149565019,5
31,32,107,32,66.45161290322581,83.0,30.059981659983478,903.6024973985432,0.45235894731043097,235,32,97.8125,68.0,60.653440493924165,3678.83984375,0.6200990721423557,0.3904759883880615,2.5987625122070312e-05,0.03829089800516764,0.00027251243591308594,0.08610275625768865,0.007413684635170943,2.2486481316282645,0.39705991744995117,0.0,0.036767513521255984,2.86102294921875e-06,0.08646039256610497,0.0074753994826849786,2.3515430956765844,1.1487269401550293,1.1397929191589355,2060,3130,1793.2895346930643,2746.1128661069924,3.3239565072367587,1.8541096587463968,3.2920239245257297,1.7464781020006273,26.986395910429607,28.075275308442095,5
95,105,106,32,65.4421052631579,83.0,29.79216279475056,887.5729639889196,0.45524456578756684,319,32,91.13333333333334,68.0,63.00522528091153,3969.6584126984135,0.6913521428044425,0.3608250617980957,1.6927719116210938e-05,0.020544435115570716,0.0004190206527709961,0.06470842515339512,0.004187180285832539,3.149681399823562,0.3609747886657715,0.0,0.018486229272989128,9.5367431640625e-07,0.06315129807098144,0.003988086448049944,3.416126519822731,1.9311769008636475,1.9225678443908691,6217,9569,3219.280428022765,4977.197568303118,4.442971410337815,2.518687663920126,4.4509411166700446,2.362511004980161,49.192800492546674,54.61445758928073,5
34,41,98,32,68.79411764705883,83.0,27.596653049157446,761.5752595155709,0.4011484410736867,175,32,80.26829268292683,71.0,37.17593267499553,1382.0499702558002,0.4631459251518738,0.36809206008911133,2.7894973754882812e-05,0.0307660030596184,0.0006480216979980469,0.08240485917404328,0.0067905608154939035,2.6784388929026313,0.37721800804138184,0.0,0.025117796659469605,9.5367431640625e-07,0.07782555376183498,0.0060568168183362655,3.0984227962723847,1.0152781009674072,1.0047118663787842,2339,3291,2303.802276215044,3275.565970830554,3.4361673243794257,1.6695217354417153,3.6066073007902473,1.5230924356581927,33.48836143279671,40.80771947859396,5
54,59,103,32,64.4074074074074,83.0,29.546898388656203,873.0192043895746,0.45875000373416763,269,32,92.55932203389831,69.0,62.36260047916069,3889.093938523413,0.6737581813350083,0.7512729167938232,2.5033950805664062e-05,0.0354720376572519,0.0014700889587402344,0.11796937766426656,0.013916774066494355,3.325700620983326,0.7582650184631348,0.0,0.03228294849395752,1.9073486328125e-06,0.11543508466882058,0.013325258772497775,3.575729295309778,1.8800179958343506,1.8724110126495361,3478,5461,1849.9822915027291,2916.56050039594,3.8770584255806337,2.0352515360306422,3.875807193349476,1.8914468597691554,28.72312931027814,31.51017570469886,5
37,39,110,32,63.78378378378378,83.0,30.04603237298822,902.764061358656,0.47106067703413734,288,32,92.74358974358974,69.0,62.50198681917648,3906.4983563445103,0.6739224456588009,0.3239109516143799,2.288818359375e-05,0.02994672457377116,0.0005360841751098633,0.06768842853447923,0.0045817233574673025,2.260294890272045,0.3303360939025879,0.0,0.0281009736813997,2.0265579223632812e-06,0.06831410112913963,0.004666816413082317,2.431022565398059,1.0780820846557617,1.0678369998931885,2360,3617,2189.0726444578313,3387.221083706403,3.4944417156145278,2.132353307307515,3.465971902894186,1.9829722865818,34.320206713957525,36.52242805212876,5
22,24,112,32,65.0,83.0,31.162331573406203,971.0909090909091,0.4794204857447108,240,32,88.125,69.0,56.28596072734301,3168.109375,0.6387059373315519,2.0269529819488525,2.384185791015625e-05,0.13801775659833634,0.00015282630920410156,0.4358595170535056,0.18997351860611517,3.1579959549839507,2.0340139865875244,0.0,0.12555387745732846,2.1457672119140625e-06,0.4202976100693748,0.17665008103002824,3.3475478303106954,2.8983728885650635,2.8877391815185547,1430,2115,493.3802705793213,732.4068646974551,2.9705820320095673,1.001942441989362,2.9958545175380427,0.9492936963703258,7.590465701220327,8.31099988309169,5
19,19,103,32,63.36842105263158,83.0,30.43752968452596,926.443213296399,0.4803264651212568,188,32,89.6842105263158,71.0,52.42644233548257,2748.531855955679,0.5845671387172352,0.41152000427246094,3.218650817871094e-05,0.03232060538397895,0.0039424896240234375,0.09501406283228317,0.009027672135897053,2.9397364840010343,0.41769981384277344,0.0,0.03192333380381266,2.0265579223632812e-06,0.09717158047822146,0.009442316052635468,3.0439045331354486,0.5817708969116211,0.5746200084686279,1204,1704,2069.543193706549,2965.4379849062148,2.824030817025047,1.034836507423048,2.783028662578726,0.8502790258200696,32.658904219621625,33.065329643907326,5
42,46,102,32,65.0,83.0,29.094263875825945,846.4761904761905,0.44760405962809147,199,32,87.26086956521739,68.0,50.798166169659886,2580.453686200378,0.5821414159951058,0.1469419002532959,1.2874603271484375e-05,0.011877903124181235,0.0016579627990722656,0.02636355262634887,0.0006950369070822665,2.219546021778668,0.15520310401916504,0.0,0.010635492536756727,1.1920928955078125e-06,0.02733888566037148,0.0007474146691508654,2.570533105626006,0.48699402809143066,0.47859716415405273,2730,4014,5605.818228817082,8387.011667933657,3.630092742302903,2.388192114407545,3.6708192182471575,2.1143806045698756,86.24335736641665,96.11423436097364,5
55,54,107,32,62.14545454545455,83.0,30.28496067316592,917.1788429752064,0.4873238259286499,282,32,84.98148148148148,67.5,54.717622166747994,2994.0181755829913,0.6438770095891025,0.40857601165771484,1.6927719116210938e-05,0.027303982664037635,0.00035750865936279297,0.07793958906036436,0.006074579542898467,2.8545135711289262,0.41561412811279297,0.0,0.027664076607182342,1.9073486328125e-06,0.08068491296408513,0.006510055180021993,2.91659519707725,1.4744150638580322,1.466196060180664,3418,4589,2318.2074598832983,3129.867911004034,3.8848154200668885,2.221362479983509,3.8114815228766092,2.074042308047487,37.302928699116855,36.82999938858528,5
29,35,98,32,67.10344827586206,83.0,27.825000948150315,774.2306777645659,0.41465828751097594,222,32,90.82857142857142,68.0,55.34695021371262,3063.284897959183,0.6093561678137596,1.569432020187378,2.002716064453125e-05,0.06284563882010323,0.0011860132217407227,0.29029482450515415,0.08427108513447826,4.619172148701174,1.5762381553649902,0.0,0.051479059107163376,9.5367431640625e-07,0.2658760640660276,0.0706900814432424,5.164742104407083,1.7596778869628906,1.7502880096435547,1946,3179,1105.8842157519473,1816.2725120006974,3.2722478206107075,0.5640593640029299,3.3835186484323723,0.466023669688642,16.48028892949973,19.996709002838756,5
29,32,103,32,67.79310344827586,83.0,28.59874522246812,817.8882282996433,0.42185331203030296,196,32,93.65625,71.0,50.26032815190824,2526.1005859375,0.5366468137674554,1.7096078395843506,2.09808349609375e-05,0.08385711056845528,0.0002715587615966797,0.32825752670864555,0.10775300384087716,3.914486493553558,1.7148230075836182,0.0,0.07541099671394594,2.1457672119140625e-06,0.3142994465684378,0.09878414211322627,4.167819817587872,2.347999095916748,2.337740898132324,1966,2997,837.3086699304707,1282.006916332932,3.2693018287836915,0.7857089837562387,3.3240891885440336,0.7193715219958848,12.350941723287717,13.688428869754363,5
45,49,108,32,67.57777777777778,83.0,31.552065534702688,995.5328395061732,0.46690001613338405,249,32,87.38775510204081,68.0,52.214555921337436,2726.3598500624744,0.5975042597257203,0.45487499237060547,2.8133392333984375e-05,0.023434660651467064,0.001771092414855957,0.0800013536684153,0.006400216588778867,3.4138046570521614,0.4646899700164795,0.0,0.021277710795402527,2.1457672119140625e-06,0.07879726035158728,0.006209008238915829,3.7032771574568537,1.0311250686645508,1.0213301181793213,3041,4282,2949.205767966164,4192.571944939141,3.6901456614192822,1.7030026637036872,3.728852728116493,1.526042662133619,43.641650627582166,47.97665233582857,5
43,44,102,32,64.37209302325581,83.0,29.32973985232907,860.2336398053001,0.455628184122164,284,32,99.22727272727273,67.0,71.36107407096661,5092.402892561983,0.7191679475773088,2.4585819244384766,1.6927719116210938e-05,0.10368311405181885,0.0028694868087768555,0.4156281736442629,0.17274677872686559,4.008638990496947,2.4658610820770264,0.0,0.10102036941883176,2.1457672119140625e-06,0.4127058285877514,0.17032610095030243,4.085372395310372,4.354690790176392,4.343875885009766,2768,4366,635.6364052860523,1005.0931738327474,3.650583548766627,1.2803311814631555,3.551026676681839,1.2264612430432849,9.874409475180725,10.129202851269099,5
20,22,109,32,67.0,83.0,29.478805945967352,869.0,0.43998217829802017,255,32,97.4090909090909,69.0,65.20991216546837,4252.332644628099,0.6694438019786767,0.7825260162353516,1.0967254638671875e-05,0.05861077810588636,0.00013685226440429688,0.17620655970638086,0.031048751683558362,3.006384924425431,0.7890529632568359,0.0,0.052641562053135464,9.5367431640625e-07,0.17015024282472388,0.028951105133312498,3.232241525298532,1.1136047840118408,1.1054728031158447,1340,2143,1203.2994283416726,1938.537062114798,2.8909995109661537,0.9811507568345655,2.888660650213033,0.8867933786479804,17.959692960323473,19.900987105238244,5
37,37,109,32,63.62162162162162,83.0,29.881162240277785,892.8838568298029,0.4696699247622252,300,32,101.32432432432432,69.0,72.67367048182042,5281.462381300218,0.7172381455927863,0.3806030750274658,1.5020370483398438e-05,0.05511083867814806,0.001909017562866211,0.09912508648035274,0.009825782769737411,1.7986495734396568,0.38681602478027344,0.0,0.054851664437188044,3.0994415283203125e-06,0.10092939102018186,0.010186741971704768,1.8400424500474097,1.98399019241333,1.9746599197387695,2354,3749,1186.4978007459752,1898.5547650635256,3.4951285431374375,2.341429578210631,3.3835958222033593,2.258659423266676,18.64928573814829,18.73740365626846,5
36,36,106,32,61.861111111111114,57.5,30.526084272104967,931.8418209876543,0.49346162271925403,169,32,80.88888888888889,68.0,44.457706354702864,1976.4876543209878,0.5496145016378101,0.486130952835083,1.5020370483398438e-05,0.04921685627528599,0.0028259754180908203,0.10706951817342235,0.01146388172188882,2.175464389162678,0.493818998336792,0.0,0.048941285269601,3.0994415283203125e-06,0.10950771058202602,0.011991938676916773,2.2375323814808916,1.7225899696350098,1.7129449844360352,2227,2912,1292.8207172086732,1699.996220811924,3.458478001660623,2.1276123319409224,3.4410421886110196,2.0186289936405015,20.89876327773338,21.016436795751808,5
33,36,100,32,63.63636363636363,83.0,29.352423039538166,861.5647382920109,0.4612523620498855,292,32,84.86111111111111,68.0,52.08814792561728,2713.1751543209875,0.6138046891398435,1.8116428852081299,2.8133392333984375e-05,0.10860981047153473,0.0016460418701171875,0.3636679497914663,0.13225437770552848,3.3483895074725236,1.818176031112671,0.0,0.09910708836146763,9.5367431640625e-07,0.35101603310296203,0.12321225549533972,3.541785344583238,3.4755139350891113,3.468748092651367,2100,3055,604.2271845893654,880.7212049996068,3.3838435072253703,1.2128532043527298,3.4210572271179096,1.1568427037720865,9.49499861497574,10.37838408510175,5
40,42,109,32,64.725,83.0,30.385018923805198,923.2493750000001,0.4694479555628459,292,32,100.02380952380952,68.5,70.25649879963252,4935.975623582765,0.7023977504366975,0.2783658504486084,3.1948089599609375e-05,0.029730540055495042,0.0005049705505371094,0.06381752088957314,0.0040726759724911046,2.146530832283952,0.2851250171661377,0.0,0.02811685422571694,1.9073486328125e-06,0.06435813346529104,0.0041419693431362144,2.2889521334298557,1.1594910621643066,1.1527910232543945,2589,4201,2232.8762027430994,3644.1990918183405,3.5725077518338004,2.2568819786802163,3.5195875908768,2.126623484890571,34.49789421001312,36.43331631905982,5
43,41,97,32,66.20930232558139,83.0,28.032836343594255,785.8399134667388,0.4233972471986488,177,32,75.92682926829268,67.0,38.68155812175808,1496.2629387269483,0.5094583626701193,3.6428868770599365,3.2901763916015625e-05,0.11636107308523995,0.0004559755325317383,0.5570481124857658,0.3103025996239544,4.787237670777596,3.6513679027557373,9.5367431640625e-07,0.1219169020652771,2.5033950805664062e-06,0.5716644144624068,0.32680020276264643,4.68896768846968,4.887165069580078,4.876676082611084,2847,3113,582.546314574274,638.3446321358356,3.6629396051501937,1.052030656285191,3.592951221615281,1.0059497073160397,8.798556911378217,8.407365858518874,5
154,152,296,32,93.73376623376623,68.0,62.813271222406804,3945.5070416596386,0.6701242652061412,113,32,63.28947368421053,83.0,30.49797913472201,930.1267313019389,0.481880751401013,0.7502169609069824,0.0,0.028274614047380835,2.1457672119140625e-06,0.07817639209795038,0.006111548281452479,2.7648968777061733,0.7420821189880371,9.059906005859375e-06,0.028649151719958577,0.0036170482635498047,0.07703383516350137,0.005934211759997501,2.6888696711335913,4.326015949249268,4.326021909713745,14435,9620,3336.788437524146,2223.752029179288,4.839577970891974,3.367130615678332,4.903145391089438,3.492759353985078,35.5985742555399,35.136206698051126,5
80,88,127,32,66.5875,83.0,30.93327243842785,956.8673437499999,0.4645507405808575,210,32,87.79545454545455,68.0,51.44970162712959,2647.071797520661,0.5860178285254212,1.0046780109405518,1.3113021850585938e-05,0.03549091121818446,0.0017299652099609375,0.13543399680721224,0.018342367491175977,3.816019148525553,1.0125901699066162,0.0,0.03215187445454214,1.1920928955078125e-06,0.13076220510962774,0.017098754285132356,4.067016537231931,2.8037819862365723,2.797213077545166,5327,7726,1899.9337416923288,2762.0348489076623,4.267461783757078,2.163477779735537,4.3168931203401995,2.0530824694769496,28.53288893099048,31.459884377928333,5
32,35,117,32,66.40625,83.0,30.821927437094196,949.9912109375,0.46414196611153613,270,32,101.45714285714286,71.0,69.4806624103397,4827.562448979593,0.6848277061002224,0.2277820110321045,3.0994415283203125e-05,0.025154744425127582,0.0049381256103515625,0.053574442565375725,0.002870220896190742,2.1297947480579102,0.22774386405944824,0.0,0.022646413129918715,2.1457672119140625e-06,0.05296387394889804,0.0028051719436747603,2.338731243886309,0.7797970771789551,0.7699780464172363,2125,3551,2725.0679211155025,4611.8197999580125,3.3519518736306737,2.0552891722514803,3.344705886170668,1.87681237115335,41.03631692973933,45.45584145269795,5
79,84,118,32,66.88607594936708,83.0,32.21328735273972,1037.6958820701807,0.4816142507317256,411,32,106.82142857142857,68.0,84.52206822485358,7143.980017006803,0.7912463758929791,1.8869218826293945,1.4066696166992188e-05,0.0641172543550149,0.0026019811630249023,0.23054801304791409,0.053152386320341166,3.5957249786676475,1.8955838680267334,0.0,0.06013039508497858,2.1457672119140625e-06,0.22555969661027844,0.050877176734920856,3.751176028221814,5.001145839691162,4.990822792053223,5284,8973,1056.557870811123,1797.8999403239704,4.247544902649277,2.3903585915737655,4.164385512998526,2.3107501900471665,15.796379976169325,16.83089211938187,5
23,26,103,32,67.69565217391305,83.0,29.32195316854161,859.7769376181474,0.4331438168763372,244,32,98.23076923076923,67.5,66.90481625316538,4476.254437869823,0.681098364362686,0.8879868984222412,1.5974044799804688e-05,0.08605203845284203,0.003321409225463867,0.22517752655369674,0.0507049184648408,2.616759935060665,0.8949000835418701,0.0,0.0754058837890625,1.1920928955078125e-06,0.215406115890884,0.046399794763196944,2.8566221237251552,1.8931448459625244,1.8851470947265625,1557,2554,822.4410315568751,1354.8014407705693,3.0328943560198636,1.255241198791599,3.0461352767974437,1.1698420817760038,12.149096805271759,13.792027196568052,5
69,78,110,32,68.0,83.0,29.695068638568177,881.7971014492754,0.4366921858612967,312,32,95.23076923076923,71.0,61.69422594370481,3806.1775147928993,0.6478392061939924,0.15583300590515137,1.3828277587890625e-05,0.012105748933904311,0.000746607780456543,0.029347644349577533,0.0008612842288692901,2.424273335735901,0.16300392150878906,0.0,0.010575638188944235,1.1920928955078125e-06,0.029870483754358964,0.0008922457997194227,2.8244615805394653,0.8231909275054932,0.814324140548706,4692,7428,5699.771272040277,9121.674809977858,4.130061444278362,2.7289976211732268,4.171999388915825,2.439959081980043,83.82016576529819,95.78495357811966,5
39,45,104,32,70.64102564102564,83.0,28.007771064004743,784.4352399737014,0.39648024373727225,294,32,99.11111111111111,71.0,64.44195397486614,4152.765432098766,0.6501990871903534,0.44133615493774414,1.0013580322265625e-05,0.023310868363631398,0.00035250186920166016,0.07617595533303564,0.005802776170900641,3.2678300157999285,0.44820499420166016,0.0,0.01993947679346258,9.5367431640625e-07,0.07275401123489625,0.00529314615076741,3.6487422407567687,0.8858129978179932,0.8773369789123535,2755,4460,3110.1372488170086,5083.565502424305,3.5749199997011796,1.6204735787909479,3.621096159672401,1.460641932555132,44.0273512536709,51.29158018141115,5
103,110,108,32,67.67961165048544,83.0,29.080809270210313,845.6934678103501,0.4296834535693103,317,32,90.42727272727272,67.5,59.757914514375734,3571.0083471074377,0.6608395090561306,0.4496638774871826,1.0967254638671875e-05,0.0161206558638928,0.0004979372024536133,0.05342470469413208,0.002854199071655218,3.3140527994145232,0.45684099197387695,0.0,0.015024384227367717,9.5367431640625e-07,0.05354252230009821,0.0028668016942565147,3.5637082684938033,1.6443068981170654,1.637657880783081,6971,9947,4239.47622428797,6073.9181954436235,4.533531532173944,2.7375047749526713,4.508333617681314,2.5329837263853268,62.640374566297645,67.16909636059098,5
12,14,96,32,69.5,83.0,26.899504332484145,723.5833333333334,0.38704322780552725,177,32,92.57142857142857,69.5,46.210255951488094,2135.3877551020405,0.4991848636734825,0.29771995544433594,1.5974044799804688e-05,0.029304894534024326,0.00032782554626464844,0.08493155812534406,0.007213369565598695,2.8982038487370985,0.30327486991882324,0.0,0.0241696100968581,9.5367431640625e-07,0.08059876121281258,0.006496160309039981,3.3347149949799944,0.3223538398742676,0.3142049312591553,834,1296,2587.2190643837134,4124.69656286541,2.400093641813511,0.3817683007789794,2.517140670492994,0.17264505105718939,37.22617358825487,44.556907314904116,5
29,31,110,32,65.44827586206897,83.0,31.228398003338803,975.2128418549349,0.4771462287127636,195,32,90.12903225806451,69.0,52.941076152877415,2802.7575442247658,0.5873920403504652,1.4503028392791748,1.5020370483398438e-05,0.09267657143729073,0.0022804737091064453,0.31195057789825054,0.09731316305105246,3.3660133630356706,1.4559319019317627,0.0,0.08618203798929851,1.9073486328125e-06,0.3038903653914123,0.09234935417772606,3.5261450353395833,2.5949440002441406,2.585461139678955,1898,2794,731.4223350567219,1080.6582845592256,3.2475900921845864,1.0702174965595996,3.270565798574557,1.0149064903788496,11.175578354396698,11.990124130757335,5
72,73,101,32,64.22222222222223,83.0,28.9828599837819,840.0061728395062,0.45129020735992575,186,32,89.1917808219178,69.0,47.156009664873096,2223.689247513605,0.5287035333337023,0.5222609043121338,2.9802322387695312e-05,0.0374751393224152,0.0005958080291748047,0.0975685209811936,0.009519616286457616,2.603553255446723,0.5271661281585693,0.0,0.036815153227912054,2.5033950805664062e-06,0.09834080951718877,0.009670914816496004,2.6712046778235314,2.6607348918914795,2.650691032409668,4624,6511,1737.8657355497987,2456.340599636403,4.168142462952247,2.5172594689145873,4.1565435695849455,2.4370265023205384,27.06019311409721,27.539988292652037,5
36,38,100,32,63.72222222222222,83.0,28.78233554641063,828.4228395061729,0.45168442880156173,230,32,97.36842105263158,68.0,65.0442849354967,4230.7590027700835,0.6680223858240203,2.5516951084136963,3.600120544433594e-05,0.12363730839320591,0.001692056655883789,0.4436988149113725,0.19686863835375637,3.5887129918767666,2.5613629817962646,0.0,0.11667732290319495,2.1457672119140625e-06,0.43463629384939634,0.1889087079311388,3.7251136984862616,4.327305793762207,4.317060947418213,2294,3700,530.1219995376317,857.0645735758626,3.4748007723847887,1.3465468084051724,3.434659367918198,1.2960868984929457,8.319264160137203,8.802284809698047,5
134,162,124,32,69.56716417910448,83.0,30.197224287087828,911.8723546446869,0.4340729515629445,288,32,88.61111111111111,68.0,54.20642415575009,2938.336419753087,0.611733940315675,0.6263489723205566,8.106231689453125e-06,0.020891227220234117,0.0004239082336425781,0.07881697004562341,0.006212114767172697,3.772730496621354,0.6363751888275146,0.0,0.017197628198943524,9.5367431640625e-07,0.07368618312968236,0.005429653584221087,4.284671251016405,2.7785332202911377,2.7688181400299072,9322,14355,3355.007574472416,5184.522519722059,4.7948188549976365,2.703700055118386,4.918554546755848,2.5474926812368084,48.226884250086215,58.50871809090725,5
